article_id,dataset_id,repository
10.1042/BCJ20220161,AF-Q5S007-F1_v1,AlphaFold Protein Structure Database
10.3390/biom13101505,PRJEB59994,BioProject
10.1038/s41467-022-34667-x,PRJNA834801,BioProject
10.1101/2022.07.20.500694,PRJEB17784,BioProject
10.1101/2022.07.20.500694,PRJNA433459,BioProject
10.1101/2022.06.08.495316,PRJNA834801,BioProject
10.1101/2023.04.20.537553,CNP0003397,CNGB
10.1016/j.cell.2022.05.008,phs000101.v3.p1,NCBI dbGaP (DataBase of Genotypes And Phenotypesgenotypes and phenotypes)
10.1016/j.cell.2022.05.008,phs000089.v3.p2,NCBI dbGaP (DataBase of Genotypes And Phenotypesgenotypes and phenotypes)
10.1016/j.cell.2022.05.008,phs000048.v1.p1,NCBI dbGaP (DataBase of Genotypes And Phenotypesgenotypes and phenotypes)
10.1016/j.cell.2022.05.008,phs000126.v2.p1,NCBI dbGaP (DataBase of Genotypes And Phenotypesgenotypes and phenotypes)
10.1016/j.cell.2022.05.008,phs000918.v1.p1,NCBI dbGaP (DataBase of Genotypes And Phenotypesgenotypes and phenotypes)
10.1016/j.cell.2022.05.008,phs000394.v1.p1,NCBI dbGaP (DataBase of Genotypes And Phenotypesgenotypes and phenotypes)
10.1016/j.cell.2022.05.008,phs000127.v2.p1,NCBI dbGaP (DataBase of Genotypes And Phenotypesgenotypes and phenotypes)
10.1016/j.cell.2022.05.008,phs000344.v1.p1,NCBI dbGaP (DataBase of Genotypes And Phenotypesgenotypes and phenotypes)
10.7554/eLife.67900,10.5061/dryad.76hdr7sxx,Dryad
10.1038/s41594-022-00863-y,EMPIAR-10925,Electron Microscopy Public Image Archive (EMPIAR)
10.1038/s41594-022-00863-y,EMPIAR-10921,Electron Microscopy Public Image Archive (EMPIAR)
10.1038/s41594-022-00863-y,EMPIAR-10924,Electron Microscopy Public Image Archive (EMPIAR)
10.1073/pnas.2203769119,EMPIAR-10962,Electron Microscopy Public Image Archive (EMPIAR)
10.1101/2022.03.08.482579,EMPIAR-10962,Electron Microscopy Public Image Archive (EMPIAR)
10.1101/2022.10.21.513169,ENCSR462COR,ENCODE
10.1101/2022.10.21.513169,ENCSR169YNI,ENCODE
10.1101/2022.10.21.513169,ENCSR257YUB,ENCODE
10.1101/2022.10.21.513169,ENCSR690QHM,ENCODE
10.1101/2022.10.21.513169,ENCSR316ZTD,ENCODE
10.1101/2022.10.21.513169,ENCSR697ASE,ENCODE
10.1101/2022.10.21.513169,ENCSR094NFM,ENCODE
10.1101/2022.10.21.513169,ENCSR463IDK,ENCODE
10.1101/2022.10.21.513169,ENCSR205QMF,ENCODE
10.1101/2024.02.02.578624,BDGP6.32,Ensembl
10.1101/2023.06.07.544051,ENSG00000165782,Ensembl
10.1101/2023.03.29.534370,Ensemble 97,Ensembl
10.1101/2023.03.29.534370,Ensembl 76,Ensembl
10.1101/2023.03.29.534370,Ensembl 81,Ensembl
10.1101/2023.03.29.534370,Ensembl 90,Ensembl
10.1101/2023.03.29.534370,Ensembl 104,Ensembl
10.1101/2023.03.29.534370,Ensembl 105,Ensembl
10.1002/mds.29300,ERP138197,European Nucleotide Archive
10.1002/mds.29300,ERP138199,European Nucleotide Archive
10.1101/2022.07.20.500694,ERP138197,European Nucleotide Archive
10.1101/2022.07.20.500694,ERP138199,European Nucleotide Archive
10.1101/2024.01.17.24300927,GCA_000001405.1,NCBI/Genbank
10.1101/2024.01.17.24300927,NM_001193532,NCBI/Genbank
10.1101/2024.01.17.24300927,NM_002867,NCBI/Genbank
10.1101/2024.01.17.24300927,NM_002870,NCBI/Genbank
10.1101/2024.01.17.24300927,NM_004578,NCBI/Genbank
10.1101/2024.01.17.24300927,NM_001286059,NCBI/Genbank
10.1101/2024.01.17.24300927,NM_002868,NCBI/Genbank
10.1101/2024.01.17.24300927,NM_014999,NCBI/Genbank
10.1101/2024.01.17.24300927,NM_006861,NCBI/Genbank
10.1101/2024.01.17.24300927,NM_017817,NCBI/Genbank
10.1101/2024.01.17.24300927,NM_004580,NCBI/Genbank
10.1101/2024.01.17.24300927,NM_031934,NCBI/Genbank
10.1101/2024.01.17.24300927,NM_004583,NCBI/Genbank
10.1101/2024.01.17.24300927,NM_001163989,NCBI/Genbank
10.1101/2024.01.17.24300927,NM_006822,NCBI/Genbank
10.1101/2024.01.17.24300927,NM_001025300,NCBI/Genbank
10.1101/2024.01.17.24300927,NM_006868,NCBI/Genbank
10.1101/2024.01.17.24300927,NM_004283,NCBI/Genbank
10.1101/2024.01.17.24300927,NM_01615,NCBI/Genbank
10.1101/2024.01.17.24300927,NM_032144,NCBI/Genbank
10.1101/2024.01.17.24300927,NM_020673,NCBI/Genbank
10.1101/2024.01.17.24300927,NM_004914,NCBI/Genbank
10.1101/2024.01.17.24300927,NM_198490,NCBI/Genbank
10.1101/2024.01.17.24300927,NM_001159601,NCBI/Genbank
10.1101/2024.01.17.24300927,NM_001031677,NCBI/Genbank
10.1101/2024.01.17.24300927,NM_006834,NCBI/Genbank
10.1101/2024.01.17.24300927,NM_001008749,NCBI/Genbank
10.1101/2024.01.17.24300927,NM_002865,NCBI/Genbank
10.1101/2024.01.17.24300927,NM_016322,NCBI/Genbank
10.1101/2024.01.17.24300927,NM_004251,NCBI/Genbank
10.1101/2024.01.17.24300927,NM_001032726,NCBI/Genbank
10.1101/2024.01.17.24300927,NM_080879,NCBI/Genbank
10.1101/2024.01.17.24300927,NM_016370,NCBI/Genbank
10.1101/2024.01.17.24300927,NM_004794,NCBI/Genbank
10.1101/2024.01.17.24300927,NM_171998,NCBI/Genbank
10.1101/2024.03.03.583145,GCA_000001405.1,NCBI/Genbank
10.1101/2024.02.01.578464,GCA_000001635.9,NCBI/Genbank
10.1101/2024.01.08.574736,GCA_000001405.1,NCBI/Genbank
10.1101/2024.01.08.574736,GCA_000001405.27,NCBI/Genbank
10.1038/s41598-023-49611-2,GCA_000001405.1,NCBI/Genbank
10.1101/2023.12.11.571045,GCA_000001635.2,NCBI/Genbank
10.1038/s41467-023-40348-0,GCA_000001405.1,NCBI/Genbank
10.3390/biom13101505,GCA_000001405.15,NCBI/Genbank
10.1101/2023.07.31.549036,GCA_000001405.1,NCBI/Genbank
10.1101/2023.05.05.23289529,GCA_000001405.15,NCBI/Genbank
10.1038/s41467-023-39060-w,GCA_000001635.2,NCBI/Genbank
10.1101/2023.06.21.545840,GCA_000001405.15,NCBI/Genbank
10.1101/2023.03.04.531072,GCA_000001405.15,NCBI/Genbank
10.1038/s41531-024-00729-8,GCA_000001405.14,NCBI/Genbank
10.1101/2023.03.29.534819,GCA_000001405.1,NCBI/Genbank
10.1101/2023.03.29.534819,GCA_000001405.15,NCBI/Genbank
10.1101/2023.04.01.535194,GCA_000001405.1,NCBI/Genbank
10.1038/s41531-022-00423-7,GCA_000001405.29,NCBI/Genbank
10.1038/s41467-022-34667-x,GCA_000001405.28,NCBI/Genbank
10.1101/2022.11.30.518286,GCA_000001405.15,NCBI/Genbank
10.1101/2022.10.12.511960,GCA_000001635.2,NCBI/Genbank
10.1126/sciadv.abp8701,GCA_000001635.2,NCBI/Genbank
10.1101/2022.10.21.513169,GCA_000001405,NCBI/Genbank
10.1101/2022.04.04.487055,GCA_000001405.15,NCBI/Genbank
10.1101/2022.06.08.495316,GCA_000001405.28,NCBI/Genbank
10.1101/2021.05.28.446215,GCA_000001405.29,NCBI/Genbank
10.1101/2023.06.16.545271,GCA_000001635.7,NCBI/Genbank
10.1101/2023.04.20.537553,GCA_000001635.8,NCBI/Genbank
10.1101/2023.01.16.523926,GCA_000001405.1,NCBI/Genbank
10.1101/2023.08.10.552488,Release M35 (GRCm39),GENCODE
10.1016/j.bbi.2023.04.008,Release M10 (GRCm38.p4),GENCODE
10.1101/2023.03.04.531072,Release 36 (GRCh38.p13),GENCODE
10.1101/2023.03.29.534370,Release 29 (GRCh38.p12),GENCODE
10.1101/2022.12.14.520294,Release M10 (GRCm38.p4),GENCODE
10.1101/2022.11.30.518286,Release 27 (GRCh38.p10),GENCODE
10.1101/2022.10.21.513169,Release 38 (GRCh38.p13),GENCODE
10.1016/j.cell.2022.05.008,Release 37 (GRCh38.p13),GENCODE
10.1101/2024.03.03.583145,GSE178265,Gene Expression Omnibus (GEO)
10.1101/2024.02.28.582420,GSM3069316,Gene Expression Omnibus (GEO)
10.1101/2024.02.28.582420,GSM3069317,Gene Expression Omnibus (GEO)
10.1101/2024.02.28.582420,GSM3069324,Gene Expression Omnibus (GEO)
10.1101/2024.02.28.582420,GSM3069325,Gene Expression Omnibus (GEO)
10.1101/2024.02.22.581576,GSE256319,Gene Expression Omnibus (GEO)
10.1101/2024.02.22.581576,GSE256318,Gene Expression Omnibus (GEO)
10.1101/2024.02.02.578624,GSE223345,Gene Expression Omnibus (GEO)
10.1038/s41598-023-49611-2,GSE236732,Gene Expression Omnibus (GEO)
10.1038/s41467-023-42822-1,GSE231518,Gene Expression Omnibus (GEO)
10.1038/s41587-023-01977-4,GSE221988,Gene Expression Omnibus (GEO)
10.1038/s41587-023-01977-5,GSM6911289,Gene Expression Omnibus (GEO)
10.1038/s41587-023-01977-6,GSM6911290,Gene Expression Omnibus (GEO)
10.1038/s41587-023-01977-7,GSM6911291,Gene Expression Omnibus (GEO)
10.1101/2023.10.06.560646,GSE231518,Gene Expression Omnibus (GEO)
10.1038/s41467-023-40348-0,GSE218203,Gene Expression Omnibus (GEO)
10.1101/2023.08.10.552488,GSE239820,Gene Expression Omnibus (GEO)
10.1101/2023.08.10.552488,GSE131032,Gene Expression Omnibus (GEO)
10.1101/2023.08.10.552488,GSE168053,Gene Expression Omnibus (GEO)
10.1101/2023.08.10.552488,GSE210405,Gene Expression Omnibus (GEO)
10.1038/s41593-023-01401-9,GSE222558,Gene Expression Omnibus (GEO)
10.1038/s41593-023-01401-9,GSE116138,Gene Expression Omnibus (GEO)
10.1038/s41593-023-01401-9,GSE115070,Gene Expression Omnibus (GEO)
10.1038/s41467-023-39060-w,GSE178498,Gene Expression Omnibus (GEO)
10.1016/j.bbi.2023.04.008,GSE218132,Gene Expression Omnibus (GEO)
10.1101/2023.03.04.531072,GSE224659,Gene Expression Omnibus (GEO)
10.1101/2023.03.04.531072,GSE224747,Gene Expression Omnibus (GEO)
10.1101/2023.03.04.531072,GSE225081,Gene Expression Omnibus (GEO)
10.1101/2023.03.04.531072,GSE209552,Gene Expression Omnibus (GEO)
10.1101/2023.03.04.531072,GSE211870,Gene Expression Omnibus (GEO)
10.1101/2023.03.04.531072,GSE211871,Gene Expression Omnibus (GEO)
10.1101/2023.03.04.531072,GSE182224,Gene Expression Omnibus (GEO)
10.1038/s41467-023-37454-4,GSE198033,Gene Expression Omnibus (GEO)
10.1101/2023.04.20.537553,GSE215276,Gene Expression Omnibus (GEO)
10.1101/2022.12.14.520294,GSE218132,Gene Expression Omnibus (GEO)
10.1101/2023.04.01.535194,GSE218203,Gene Expression Omnibus (GEO)
10.1093/brain/awac414,GSE23636,Gene Expression Omnibus (GEO)
10.1093/brain/awac414,GSE140231,Gene Expression Omnibus (GEO)
10.1038/s41531-022-00423-7,GSE213569,Gene Expression Omnibus (GEO)
10.1126/sciadv.abp8701,GSE206366,Gene Expression Omnibus (GEO)
10.1101/2022.10.21.513169,GSE215459,Gene Expression Omnibus (GEO)
10.1016/j.cell.2022.05.008,GSE199349,Gene Expression Omnibus (GEO)
10.1101/2022.05.23.22275465,GSE140231,Gene Expression Omnibus (GEO)
10.21203/rs.3.rs-1521848/v1,GSE198033,Gene Expression Omnibus (GEO)
10.1038/s41531-022-00288-w,GSE23636,Gene Expression Omnibus (GEO)
10.1038/s41531-022-00282-2,GSE174473,Gene Expression Omnibus (GEO)
10.7554/eLife.73971,GSE170337,Gene Expression Omnibus (GEO)
10.7554/eLife.73971,GSE169929,Gene Expression Omnibus (GEO)
10.7554/eLife.73971,GSE175684,Gene Expression Omnibus (GEO)
10.1101/2021.06.01.446584,GSE116470,Gene Expression Omnibus (GEO)
10.1101/2021.07.30.454065,GSE180913,Gene Expression Omnibus (GEO)
10.1101/2023.06.21.545840,HRA002605,Genome Sequence Archive
10.1016/j.neuron.2023.11.020,A0A090D865,InterPro
10.1101/2021.04.12.439539,MSV000084550,MassIVE repository
10.1101/2022.10.03.510717,MSV000090264,MassIVE repository
10.1038/s41467-022-33881-x,MSV000088132,MassIVE repository
10.1038/s41467-022-33881-x,MSV000088048,MassIVE repository
10.1016/j.cell.2022.05.008,MSV000089026,MassIVE repository
10.1101/2022.03.31.486371,MSV000088132,MassIVE repository
10.1101/2022.03.31.486371,MSV000088048,MassIVE repository
10.1126/sciadv.abj0722,MSV000087639,MassIVE repository
10.1073/pnas.2219953120,MTBLS6511,MetaboLights
10.1101/2022.11.22.517583,MTBLS6511,MetaboLights
10.1101/2024.01.17.24300927,NP_006825,NCBI Reference Sequence Database
10.1101/2024.01.17.24300927,NP_080681,NCBI Reference Sequence Database
10.1101/2024.01.17.24300927,NP_958489,NCBI Reference Sequence Database
10.1101/2024.01.17.24300927,NP_001011276,NCBI Reference Sequence Database
10.1101/2024.01.17.24300927,NP_001102372,NCBI Reference Sequence Database
10.1101/2024.01.17.24300927,NP_001180823,NCBI Reference Sequence Database
10.1101/2024.01.17.24300927,NP_001192879,NCBI Reference Sequence Database
10.1101/2024.01.17.24300927,NP_001264601,NCBI Reference Sequence Database
10.1101/2024.01.17.24300927,NP_001116648,NCBI Reference Sequence Database
10.1101/2024.01.17.24300927,XP_012607651,NCBI Reference Sequence Database
10.1101/2024.01.17.24300927,XP_003986676,NCBI Reference Sequence Database
10.1101/2024.01.17.24300927,XP_010901778,NCBI Reference Sequence Database
10.1101/2024.01.17.24300927,XP_003204151,NCBI Reference Sequence Database
10.1101/2024.01.17.24300927,XP_006271694,NCBI Reference Sequence Database
10.1101/2024.01.17.24300927,XP_010624980,NCBI Reference Sequence Database
10.1101/2024.01.17.24300927,XP_009091018,NCBI Reference Sequence Database
10.1101/2024.01.17.24300927,XP_015478707,NCBI Reference Sequence Database
10.1101/2024.01.17.24300927,XP_002747112,NCBI Reference Sequence Database
10.1101/2024.01.17.24300927,XP_001370750,NCBI Reference Sequence Database
10.1101/2024.01.17.24300927,XP_003215798,NCBI Reference Sequence Database
10.1101/2024.01.17.24300927,XP_008395960,NCBI Reference Sequence Database
10.1016/j.neuron.2023.11.020,XP_004480597,NCBI Reference Sequence Database
10.1016/j.neuron.2023.11.020,XP_004703317.1,NCBI Reference Sequence Database
10.1101/2023.06.07.544051,NC_000014.9,NCBI Reference Sequence Database
10.1101/2022.11.22.517582,XP_032906424.1,NCBI Reference Sequence Database
10.1101/2022.11.22.517582,NP_001188385.2,NCBI Reference Sequence Database
10.1101/2022.11.22.517582,NP_078928.3,NCBI Reference Sequence Database
10.1101/2022.11.22.517582,NP_492839.4,NCBI Reference Sequence Database
10.1101/2022.11.22.517582,NP_940980.4,NCBI Reference Sequence Database
10.1101/2022.11.22.517582,XP_001134523.1,NCBI Reference Sequence Database
10.1101/2022.11.22.517582,XP_002427797.1,NCBI Reference Sequence Database
10.1101/2022.11.22.517582,XP_002736404.1,NCBI Reference Sequence Database
10.1101/2022.11.22.517582,XP_003284809.1,NCBI Reference Sequence Database
10.1101/2022.11.22.517582,XP_003294476.1,NCBI Reference Sequence Database
10.1101/2022.11.22.517582,XP_003373529.1,NCBI Reference Sequence Database
10.1101/2022.11.22.517582,XP_003425729.1,NCBI Reference Sequence Database
10.1101/2022.11.22.517582,XP_004337072.1,NCBI Reference Sequence Database
10.1101/2022.11.22.517582,XP_004339596.1,NCBI Reference Sequence Database
10.1101/2022.11.22.517582,XP_004352522.1,NCBI Reference Sequence Database
10.1101/2022.11.22.517582,XP_004353012.1,NCBI Reference Sequence Database
10.1101/2022.11.22.517582,XP_004361995.1,NCBI Reference Sequence Database
10.1101/2022.11.22.517582,XP_004367596.1,NCBI Reference Sequence Database
10.1101/2022.11.22.517582,XP_004367915.1,NCBI Reference Sequence Database
10.1101/2022.11.22.517582,XP_005731602.1,NCBI Reference Sequence Database
10.1101/2022.11.22.517582,XP_007905552.2,NCBI Reference Sequence Database
10.1101/2022.11.22.517582,XP_007908179.2,NCBI Reference Sequence Database
10.1101/2022.11.22.517582,XP_008308656.1,NCBI Reference Sequence Database
10.1101/2022.11.22.517582,XP_008403226.2,NCBI Reference Sequence Database
10.1101/2022.11.22.517582,XP_009555590.1,NCBI Reference Sequence Database
10.1101/2022.11.22.517582,XP_010896173.2,NCBI Reference Sequence Database
10.1101/2022.11.22.517582,XP_012555367.2,NCBI Reference Sequence Database
10.1101/2022.11.22.517582,XP_012588204.1,NCBI Reference Sequence Database
10.1101/2022.11.22.517582,XP_012749112.1,NCBI Reference Sequence Database
10.1101/2022.11.22.517582,XP_012757658.1,NCBI Reference Sequence Database
10.1101/2022.11.22.517582,XP_012760012.1,NCBI Reference Sequence Database
10.1101/2022.11.22.517582,XP_013066303.1,NCBI Reference Sequence Database
10.1101/2022.11.22.517582,XP_013097712.1,NCBI Reference Sequence Database
10.1101/2022.11.22.517582,XP_013174285.1,NCBI Reference Sequence Database
10.1101/2022.11.22.517582,XP_013876060.1,NCBI Reference Sequence Database
10.1101/2022.11.22.517582,XP_014209526.1,NCBI Reference Sequence Database
10.1101/2022.11.22.517582,XP_014233075.1,NCBI Reference Sequence Database
10.1101/2022.11.22.517582,XP_014247457.1,NCBI Reference Sequence Database
10.1101/2022.11.22.517582,XP_014276941.1,NCBI Reference Sequence Database
10.1101/2022.11.22.517582,XP_014347482.1,NCBI Reference Sequence Database
10.1101/2022.11.22.517582,XP_014399058.1,NCBI Reference Sequence Database
10.1101/2022.11.22.517582,XP_014782789.1,NCBI Reference Sequence Database
10.1101/2022.11.22.517582,XP_015116519.1,NCBI Reference Sequence Database
10.1101/2022.11.22.517582,XP_015198814.1,NCBI Reference Sequence Database
10.1101/2022.11.22.517582,XP_015772409.1,NCBI Reference Sequence Database
10.1101/2022.11.22.517582,XP_015784227.1,NCBI Reference Sequence Database
10.1101/2022.11.22.517582,XP_015819282.1,NCBI Reference Sequence Database
10.1101/2022.11.22.517582,XP_015840646.1,NCBI Reference Sequence Database
10.1101/2022.11.22.517582,XP_016047443.1,NCBI Reference Sequence Database
10.1101/2022.11.22.517582,XP_016103532.1,NCBI Reference Sequence Database
10.1101/2022.11.22.517582,XP_017666944.1,NCBI Reference Sequence Database
10.1101/2022.11.22.517582,XP_017772148.1,NCBI Reference Sequence Database
10.1101/2022.11.22.517582,XP_017848820.1,NCBI Reference Sequence Database
10.1101/2022.11.22.517582,XP_017885653.1,NCBI Reference Sequence Database
10.1101/2022.11.22.517582,XP_018108120.1,NCBI Reference Sequence Database
10.1101/2022.11.22.517582,XP_018323263.1,NCBI Reference Sequence Database
10.1101/2022.11.22.517582,XP_018595881.2,NCBI Reference Sequence Database
10.1101/2022.11.22.517582,XP_018618641.1,NCBI Reference Sequence Database
10.1101/2022.11.22.517582,XP_018906419.1,NCBI Reference Sequence Database
10.1101/2022.11.22.517582,XP_019333123.1,NCBI Reference Sequence Database
10.1101/2022.11.22.517582,XP_019617338.1,NCBI Reference Sequence Database
10.1101/2022.11.22.517582,XP_019623007.1,NCBI Reference Sequence Database
10.1101/2022.11.22.517582,XP_020428079.1,NCBI Reference Sequence Database
10.1101/2022.11.22.517582,XP_020429574.1,NCBI Reference Sequence Database
10.1101/2022.11.22.517582,XP_020479276.1,NCBI Reference Sequence Database
10.1101/2022.11.22.517582,XP_020610026.1,NCBI Reference Sequence Database
10.1101/2022.11.22.517582,XP_020612099.1,NCBI Reference Sequence Database
10.1101/2022.11.22.517582,XP_020652645.1,NCBI Reference Sequence Database
10.1101/2022.11.22.517582,XP_020713747.1,NCBI Reference Sequence Database
10.1101/2022.11.22.517582,XP_020891986.1,NCBI Reference Sequence Database
10.1101/2022.11.22.517582,XP_020898149.1,NCBI Reference Sequence Database
10.1101/2022.11.22.517582,XP_020914476.1,NCBI Reference Sequence Database
10.1101/2022.11.22.517582,XP_021368573.1,NCBI Reference Sequence Database
10.1101/2022.11.22.517582,XP_021920935.1,NCBI Reference Sequence Database
10.1101/2022.11.22.517582,XP_022097750.1,NCBI Reference Sequence Database
10.1101/2022.11.22.517582,XP_022107621.1,NCBI Reference Sequence Database
10.1101/2022.11.22.517582,XP_022111022.1,NCBI Reference Sequence Database
10.1101/2022.11.22.517582,XP_022298272.1,NCBI Reference Sequence Database
10.1101/2022.11.22.517582,XP_022329885.1,NCBI Reference Sequence Database
10.1101/2022.11.22.517582,XP_022703572.1,NCBI Reference Sequence Database
10.1101/2022.11.22.517582,XP_022785899.1,NCBI Reference Sequence Database
10.1101/2022.11.22.517582,XP_022795822.1,NCBI Reference Sequence Database
10.1101/2022.11.22.517582,XP_023029002.1,NCBI Reference Sequence Database
10.1101/2022.11.22.517582,XP_023326413.1,NCBI Reference Sequence Database
10.1101/2022.11.22.517582,XP_023564370.1,NCBI Reference Sequence Database
10.1101/2022.11.22.517582,XP_023937942.1,NCBI Reference Sequence Database
10.1101/2022.11.22.517582,XP_024117547.1,NCBI Reference Sequence Database
10.1101/2022.11.22.517582,XP_024137746.1,NCBI Reference Sequence Database
10.1101/2022.11.22.517582,XP_024235857.1,NCBI Reference Sequence Database
10.1101/2022.11.22.517582,XP_024503827.1,NCBI Reference Sequence Database
10.1101/2022.11.22.517582,XP_024897004.1,NCBI Reference Sequence Database
10.1101/2022.11.22.517582,XP_024943937.1,NCBI Reference Sequence Database
10.1101/2022.11.22.517582,XP_025065501.1,NCBI Reference Sequence Database
10.1101/2022.11.22.517582,XP_025107350.1,NCBI Reference Sequence Database
10.1101/2022.11.22.517582,XP_025421547.1,NCBI Reference Sequence Database
10.1101/2022.11.22.517582,XP_025977499.1,NCBI Reference Sequence Database
10.1101/2022.11.22.517582,XP_026071877.1,NCBI Reference Sequence Database
10.1101/2022.11.22.517582,XP_026149125.1,NCBI Reference Sequence Database
10.1101/2022.11.22.517582,XP_026220797.1,NCBI Reference Sequence Database
10.1101/2022.11.22.517582,XP_026273351.1,NCBI Reference Sequence Database
10.1101/2022.11.22.517582,XP_026533023.1,NCBI Reference Sequence Database
10.1101/2022.11.22.517582,XP_026747625.1,NCBI Reference Sequence Database
10.1101/2022.11.22.517582,XP_026829906.1,NCBI Reference Sequence Database
10.1101/2022.11.22.517582,XP_026859030.2,NCBI Reference Sequence Database
10.1101/2022.11.22.517582,XP_027055244.1,NCBI Reference Sequence Database
10.1101/2022.11.22.517582,XP_027206363.1,NCBI Reference Sequence Database
10.1101/2022.11.22.517582,XP_027253651.1,NCBI Reference Sequence Database
10.1101/2022.11.22.517582,XP_028304639.1,NCBI Reference Sequence Database
10.1101/2022.11.22.517582,XP_028333065.1,NCBI Reference Sequence Database
10.1101/2022.11.22.517582,XP_028391624.1,NCBI Reference Sequence Database
10.1101/2022.11.22.517582,XP_028409574.1,NCBI Reference Sequence Database
10.1101/2022.11.22.517582,XP_028415446.1,NCBI Reference Sequence Database
10.1101/2022.11.22.517582,XP_028416799.1,NCBI Reference Sequence Database
10.1101/2022.11.22.517582,XP_028812427.1,NCBI Reference Sequence Database
10.1101/2022.11.22.517582,XP_028813822.1,NCBI Reference Sequence Database
10.1101/2022.11.22.517582,XP_028897545.1,NCBI Reference Sequence Database
10.1101/2022.11.22.517582,XP_028968531.1,NCBI Reference Sequence Database
10.1101/2022.11.22.517582,XP_028999542.1,NCBI Reference Sequence Database
10.1101/2022.11.22.517582,XP_029010427.1,NCBI Reference Sequence Database
10.1101/2022.11.22.517582,XP_029187052.2,NCBI Reference Sequence Database
10.1101/2022.11.22.517582,XP_029313126.1,NCBI Reference Sequence Database
10.1101/2022.11.22.517582,XP_029473217.1,NCBI Reference Sequence Database
10.1101/2022.11.22.517582,XP_029643290.1,NCBI Reference Sequence Database
10.1101/2022.11.22.517582,XP_029646318.1,NCBI Reference Sequence Database
10.1101/2022.11.22.517582,XP_029688116.1,NCBI Reference Sequence Database
10.1101/2022.11.22.517582,XP_029736246.1,NCBI Reference Sequence Database
10.1101/2022.11.22.517582,XP_029951512.1,NCBI Reference Sequence Database
10.1101/2022.11.22.517582,XP_029977649.1,NCBI Reference Sequence Database
10.1101/2022.11.22.517582,XP_030045605.1,NCBI Reference Sequence Database
10.1101/2022.11.22.517582,XP_030221087.1,NCBI Reference Sequence Database
10.1101/2022.11.22.517582,XP_030232486.1,NCBI Reference Sequence Database
10.1101/2022.11.22.517582,XP_030646389.1,NCBI Reference Sequence Database
10.1101/2022.11.22.517582,XP_030816227.1,NCBI Reference Sequence Database
10.1101/2022.11.22.517582,XP_030828896.1,NCBI Reference Sequence Database
10.1101/2022.11.22.517582,XP_031347202.1,NCBI Reference Sequence Database
10.1101/2022.11.22.517582,XP_031554299.1,NCBI Reference Sequence Database
10.1101/2022.11.22.517582,XP_031560456.1,NCBI Reference Sequence Database
10.1101/2022.11.22.517582,XP_031568177.1,NCBI Reference Sequence Database
10.1101/2022.11.22.517582,XP_031569514.1,NCBI Reference Sequence Database
10.1101/2022.11.22.517582,XP_031571669.1,NCBI Reference Sequence Database
10.1101/2022.11.22.517582,XP_032077596.1,NCBI Reference Sequence Database
10.1101/2022.11.22.517582,XP_032088514.1,NCBI Reference Sequence Database
10.1101/2022.11.22.517582,XP_032226651.2,NCBI Reference Sequence Database
10.1101/2022.11.22.517582,XP_032478864.1,NCBI Reference Sequence Database
10.1101/2022.11.22.517582,XP_032525892.1,NCBI Reference Sequence Database
10.1101/2022.11.22.517582,XP_032576550.1,NCBI Reference Sequence Database
10.1101/2022.11.22.517582,XP_032810325.1,NCBI Reference Sequence Database
10.1101/2022.11.22.517582,XP_033109441.1,NCBI Reference Sequence Database
10.1101/2022.11.22.517582,XP_033111272.1,NCBI Reference Sequence Database
10.1101/2022.11.22.517582,XP_033120526.1,NCBI Reference Sequence Database
10.1101/2022.11.22.517582,XP_033633998.1,NCBI Reference Sequence Database
10.1101/2022.11.22.517582,XP_033635275.1,NCBI Reference Sequence Database
10.1101/2022.11.22.517582,XP_033645351.1,NCBI Reference Sequence Database
10.1101/2022.11.22.517582,XP_033739213.1,NCBI Reference Sequence Database
10.1101/2022.11.22.517582,XP_033749578.1,NCBI Reference Sequence Database
10.1101/2022.11.22.517582,XP_033759237.1,NCBI Reference Sequence Database
10.1101/2022.11.22.517582,XP_033824647.1,NCBI Reference Sequence Database
10.1101/2022.11.22.517582,XP_033847562.1,NCBI Reference Sequence Database
10.1101/2022.11.22.517582,XP_034308389.1,NCBI Reference Sequence Database
10.1101/2022.11.22.517582,XP_034314769.1,NCBI Reference Sequence Database
10.1101/2022.11.22.517582,XP_034390118.1,NCBI Reference Sequence Database
10.1101/2022.11.22.517582,XP_034413570.1,NCBI Reference Sequence Database
10.1101/2022.11.22.517582,XP_034622773.1,NCBI Reference Sequence Database
10.1101/2022.11.22.517582,XP_034757766.1,NCBI Reference Sequence Database
10.1101/2022.11.22.517582,XP_034982363.1,NCBI Reference Sequence Database
10.1101/2022.11.22.517582,XP_034986799.1,NCBI Reference Sequence Database
10.1101/2022.11.22.517582,XP_035274752.1,NCBI Reference Sequence Database
10.1101/2022.11.22.517582,XP_035281064.1,NCBI Reference Sequence Database
10.1101/2022.11.22.517582,XP_035387696.1,NCBI Reference Sequence Database
10.1101/2022.11.22.517582,XP_035701600.1,NCBI Reference Sequence Database
10.1101/2022.11.22.517582,XP_035783724.1,NCBI Reference Sequence Database
10.1101/2022.11.22.517582,XP_035800389.1,NCBI Reference Sequence Database
10.1101/2022.11.22.517582,XP_035828109.1,NCBI Reference Sequence Database
10.1101/2022.11.22.517582,XP_036063763.1,NCBI Reference Sequence Database
10.1101/2022.11.22.517582,XP_036211673.1,NCBI Reference Sequence Database
10.1101/2022.11.22.517582,XP_036373397.1,NCBI Reference Sequence Database
10.1101/2022.11.22.517582,XP_036431880.1,NCBI Reference Sequence Database
10.1101/2022.11.22.517582,XP_037110961.1,NCBI Reference Sequence Database
10.1101/2022.11.22.517582,XP_037299202.1,NCBI Reference Sequence Database
10.1101/2022.11.22.517582,XP_037306590.1,NCBI Reference Sequence Database
10.1101/2022.11.22.517582,XP_037369231.1,NCBI Reference Sequence Database
10.1101/2022.11.22.517582,XP_037834279.1,NCBI Reference Sequence Database
10.1101/2022.11.22.517582,XP_037835926.1,NCBI Reference Sequence Database
10.1101/2022.11.22.517582,XP_037875629.1,NCBI Reference Sequence Database
10.1101/2022.11.22.517582,XP_037891855.1,NCBI Reference Sequence Database
10.1101/2022.11.22.517582,XP_037942768.1,NCBI Reference Sequence Database
10.1101/2022.11.22.517582,XP_038067103.1,NCBI Reference Sequence Database
10.1101/2022.11.22.517582,XP_038069546.1,NCBI Reference Sequence Database
10.1101/2022.11.22.517582,XP_038074850.1,NCBI Reference Sequence Database
10.1101/2022.11.22.517582,XP_038074856.1,NCBI Reference Sequence Database
10.1101/2022.11.22.517582,XP_038162763.1,NCBI Reference Sequence Database
10.1101/2022.11.22.517582,XP_038668138.1,NCBI Reference Sequence Database
10.1101/2022.11.22.517582,XP_039215026.1,NCBI Reference Sequence Database
10.1101/2022.11.22.517582,XP_039454927.1,NCBI Reference Sequence Database
10.1101/2022.11.22.517582,XP_039617043.1,NCBI Reference Sequence Database
10.1101/2022.11.22.517582,XP_039628634.1,NCBI Reference Sequence Database
10.1101/2022.11.22.517582,XP_040198253.1,NCBI Reference Sequence Database
10.1101/2022.11.22.517582,XP_040578378.1,NCBI Reference Sequence Database
10.1101/2022.11.22.517582,XP_040609888.1,NCBI Reference Sequence Database
10.1101/2022.11.22.517582,XP_041113508.1,NCBI Reference Sequence Database
10.1101/2022.11.22.517582,XP_041348340.1,NCBI Reference Sequence Database
10.1101/2022.11.22.517582,XP_041363499.1,NCBI Reference Sequence Database
10.1101/2022.11.22.517582,XP_041442810.1,NCBI Reference Sequence Database
10.1101/2022.11.22.517582,XP_041462892.1,NCBI Reference Sequence Database
10.1101/2022.11.22.517582,XP_041464429.1,NCBI Reference Sequence Database
10.1101/2022.11.22.517582,XP_041640649.1,NCBI Reference Sequence Database
10.1101/2022.11.22.517582,XP_041840514.1,NCBI Reference Sequence Database
10.1101/2022.11.22.517582,XP_041917165.1,NCBI Reference Sequence Database
10.1101/2022.11.22.517582,XP_041966047.1,NCBI Reference Sequence Database
10.1101/2022.11.22.517582,XP_041989149.1,NCBI Reference Sequence Database
10.1101/2022.11.22.517582,XP_042147598.1,NCBI Reference Sequence Database
10.1101/2022.11.22.517582,XP_042174965.1,NCBI Reference Sequence Database
10.1101/2022.11.22.517582,XP_042844148.1,NCBI Reference Sequence Database
10.1101/2022.11.22.517582,XP_042905583.1,NCBI Reference Sequence Database
10.1101/2022.11.22.517582,XP_042935833.1,NCBI Reference Sequence Database
10.1101/2022.11.22.517582,XP_043233053.1,NCBI Reference Sequence Database
10.1101/2022.11.22.517582,XP_043263337.1,NCBI Reference Sequence Database
10.1101/2022.11.22.517582,XP_043282449.1,NCBI Reference Sequence Database
10.1101/2022.11.22.517582,XP_043569546.1,NCBI Reference Sequence Database
10.1101/2022.11.22.517582,XP_043824509.1,NCBI Reference Sequence Database
10.1101/2022.11.22.517582,XP_043886127.1,NCBI Reference Sequence Database
10.1101/2022.11.22.517582,XP_044005005.1,NCBI Reference Sequence Database
10.1101/2022.11.22.517582,XP_044136143.1,NCBI Reference Sequence Database
10.1101/2022.11.22.517582,XP_044279156.1,NCBI Reference Sequence Database
10.1101/2022.11.22.517582,XP_044740580.1,NCBI Reference Sequence Database
10.1101/2022.11.22.517582,XP_045142310.1,NCBI Reference Sequence Database
10.1101/2022.11.22.517582,XP_045189912.1,NCBI Reference Sequence Database
10.1101/2022.11.22.517582,XP_045213481.1,NCBI Reference Sequence Database
10.1101/2022.11.22.517582,XP_045460940.1,NCBI Reference Sequence Database
10.1101/2022.11.22.517582,XP_045530211.1,NCBI Reference Sequence Database
10.1101/2022.11.22.517582,XP_045599192.1,NCBI Reference Sequence Database
10.1101/2022.11.22.517582,XP_046393381.1,NCBI Reference Sequence Database
10.1101/2022.11.22.517582,XP_046527794.1,NCBI Reference Sequence Database
10.1101/2022.11.22.517582,XP_046646629.1,NCBI Reference Sequence Database
10.1101/2022.11.22.517582,XP_046668017.1,NCBI Reference Sequence Database
10.1101/2022.11.22.517582,XP_046713878.1,NCBI Reference Sequence Database
10.1101/2022.11.22.517582,XP_046847823.1,NCBI Reference Sequence Database
10.1101/2022.11.22.517582,XP_046856792.1,NCBI Reference Sequence Database
10.1101/2022.11.22.517582,XP_046897336.1,NCBI Reference Sequence Database
10.1101/2022.11.22.517582,XP_046906764.1,NCBI Reference Sequence Database
10.1101/2022.11.22.517582,XP_046912895.1,NCBI Reference Sequence Database
10.1101/2022.11.22.517582,XP_046975207.1,NCBI Reference Sequence Database
10.1101/2022.11.22.517582,XP_047128450.1,NCBI Reference Sequence Database
10.1101/2022.11.22.517582,XP_047128453.1,NCBI Reference Sequence Database
10.1101/2022.11.22.517582,XP_047142009.1,NCBI Reference Sequence Database
10.1101/2022.11.22.517582,XP_047143158.1,NCBI Reference Sequence Database
10.1101/2022.11.22.517582,XP_047143281.1,NCBI Reference Sequence Database
10.1101/2022.11.22.517582,XP_047143514.1,NCBI Reference Sequence Database
10.1101/2022.11.22.517582,XP_047144101.1,NCBI Reference Sequence Database
10.1101/2022.11.22.517582,XP_047144213.1,NCBI Reference Sequence Database
10.1101/2022.11.22.517582,XP_047542335.1,NCBI Reference Sequence Database
10.1101/2022.11.22.517582,XP_047675646.1,NCBI Reference Sequence Database
10.1101/2022.11.22.517582,XP_048248699.1,NCBI Reference Sequence Database
10.1101/2022.11.22.517582,XP_048252841.1,NCBI Reference Sequence Database
10.1101/2022.11.22.517582,XP_048338174.1,NCBI Reference Sequence Database
10.1101/2022.11.22.517582,XP_048410179.1,NCBI Reference Sequence Database
10.1101/2022.11.22.517582,XP_048418965.1,NCBI Reference Sequence Database
10.1101/2022.11.22.517582,XP_048526705.1,NCBI Reference Sequence Database
10.1101/2022.11.22.517582,XP_048577767.1,NCBI Reference Sequence Database
10.1101/2022.11.22.517582,XP_048583427.1,NCBI Reference Sequence Database
10.1101/2022.11.22.517582,XP_048584778.1,NCBI Reference Sequence Database
10.1101/2022.11.22.517582,XP_048737827.1,NCBI Reference Sequence Database
10.1101/2022.11.22.517582,XP_048762622.1,NCBI Reference Sequence Database
10.1101/2022.11.22.517582,XP_048825230.1,NCBI Reference Sequence Database
10.1101/2022.11.22.517582,XP_049528486.1,NCBI Reference Sequence Database
10.1101/2022.11.22.517582,XP_049531803.1,NCBI Reference Sequence Database
10.1101/2022.11.22.517582,XP_049639831.1,NCBI Reference Sequence Database
10.1101/2022.11.22.517582,XP_049788729.1,NCBI Reference Sequence Database
10.1101/2022.11.22.517582,XP_049883152.1,NCBI Reference Sequence Database
10.1101/2022.11.22.517582,XP_049987333.1,NCBI Reference Sequence Database
10.1101/2022.11.22.517582,XP_050071280.1,NCBI Reference Sequence Database
10.1101/2022.11.22.517582,XP_050083787.1,NCBI Reference Sequence Database
10.1101/2022.11.22.517582,XP_645923.1,NCBI Reference Sequence Database
10.1101/2022.12.22.521485,XP_004480597,NCBI Reference Sequence Database
10.1101/2022.12.22.521485,XP_004703317.1,NCBI Reference Sequence Database
10.7554/elife.78055,10.17605/OSF.IO/264SM,Open Science Framework
10.1073/pnas.2312676121,PXD043806,PRIDE Proteomics Identification Database
10.1073/pnas.2312676121,PXD014561,PRIDE Proteomics Identification Database
10.1101/2023.06.26.546565,PXD041069,PRIDE Proteomics Identification Database
10.1101/2023.06.26.546565,PXD046646,PRIDE Proteomics Identification Database
10.1038/s41467-023-42822-1,PXD041862,PRIDE Proteomics Identification Database
10.1021/acs.analchem.2c00494,PXD014759,PRIDE Proteomics Identification Database
10.1021/acs.analchem.2c00494,PXD021831,PRIDE Proteomics Identification Database
10.1021/acs.analchem.2c00494,PXD031215,PRIDE Proteomics Identification Database
10.1016/j.dib.2023.109336,PXD027614,PRIDE Proteomics Identification Database
10.1101/2023.10.06.560646,PXD041862,PRIDE Proteomics Identification Database
10.1101/2023.08.08.552291,PXD04426,PRIDE Proteomics Identification Database
10.1101/2023.06.07.544051,PXD042502,PRIDE Proteomics Identification Database
10.1073/pnas.2219953120,PXD038046,PRIDE Proteomics Identification Database
10.1016/j.celrep.2023.112231,PXD040141,PRIDE Proteomics Identification Database
10.1101/2023.07.25.550405,PXD043806,PRIDE Proteomics Identification Database
10.1101/2023.07.25.550405,PXD014561,PRIDE Proteomics Identification Database
10.1101/2022.11.02.514817,PXD037797,PRIDE Proteomics Identification Database
10.1038/s41467-023-37454-4,PXD032155,PRIDE Proteomics Identification Database
10.1038/s41467-023-36058-2,PXD023400,PRIDE Proteomics Identification Database
10.1101/2022.12.06.519342,PXD038358,PRIDE Proteomics Identification Database
10.1038/s41531-022-00423-7,PXD035500,PRIDE Proteomics Identification Database
10.1101/2022.11.22.517583,PXD038046,PRIDE Proteomics Identification Database
10.1038/s42003-022-04136-8,PXD037003,PRIDE Proteomics Identification Database
10.1038/s41467-022-33500-9,PXD035889,PRIDE Proteomics Identification Database
10.1042/BCJ20220308,PXD034420,PRIDE Proteomics Identification Database
10.1101/2022.10.21.513169,PXD026370,PRIDE Proteomics Identification Database
10.1101/2022.02.18.481043,PXD023400,PRIDE Proteomics Identification Database
10.21203/rs.3.rs-1521848/v1,PXD032155,PRIDE Proteomics Identification Database
10.15252/embr.202152675,PXD026367,PRIDE Proteomics Identification Database
10.7554/elife.72328,PXDO27476,PRIDE Proteomics Identification Database
10.1101/2021.06.01.446584,PXD026229,PRIDE Proteomics Identification Database
10.1101/2023.03.27.534444,PXD040834,ProteomeXchange
10.1126/sciadv.abj0722,PXD027614,ProteomeXchange
10.3390/biom13101505,10.15454/WQ4UTV,Recherche Data Gouv
10.7554/eLife.73971,SRX7228464,Sequence Read Archive
10.7554/eLife.73971,SRR1853178,Sequence Read Archive
10.7554/eLife.73972,SRR1853184,Sequence Read Archive
10.1101/2024.01.27.577538,EMD-18755,The Electron Microscopy Data Bank (EMDB)
10.1101/2024.01.27.577538,EMD-18757,The Electron Microscopy Data Bank (EMDB)
10.1101/2024.01.27.577538,EMD-18758,The Electron Microscopy Data Bank (EMDB)
10.1101/2024.01.27.577538,EMD-18773,The Electron Microscopy Data Bank (EMDB)
10.1101/2024.01.27.577538,EMD-18759,The Electron Microscopy Data Bank (EMDB)
10.1101/2024.01.27.577538,EMD-18761,The Electron Microscopy Data Bank (EMDB)
10.1101/2024.01.27.577538,EMD-18762,The Electron Microscopy Data Bank (EMDB)
10.1101/2024.01.27.577538,EMD-18760,The Electron Microscopy Data Bank (EMDB)
10.1101/2023.06.01.543278,EMD-40658,The Electron Microscopy Data Bank (EMDB)
10.1101/2023.06.01.543278,EMD-40715,The Electron Microscopy Data Bank (EMDB)
10.1101/2023.06.01.543278,EMD-40738,The Electron Microscopy Data Bank (EMDB)
10.1101/2023.06.01.543278,EMD-40669,The Electron Microscopy Data Bank (EMDB)
10.1101/2023.06.01.543278,EMD-40735,The Electron Microscopy Data Bank (EMDB)
10.1101/2023.09.07.556689,EMD-41709,The Electron Microscopy Data Bank (EMDB)
10.1101/2023.09.07.556689,EMD-41754,The Electron Microscopy Data Bank (EMDB)
10.1101/2023.09.07.556689,EMD-41758,The Electron Microscopy Data Bank (EMDB)
10.1101/2023.09.07.556689,EMD-41756,The Electron Microscopy Data Bank (EMDB)
10.1101/2023.09.07.556689,EMD-41728,The Electron Microscopy Data Bank (EMDB)
10.1101/2023.09.07.556689,EMD-41797,The Electron Microscopy Data Bank (EMDB)
10.1101/2023.09.07.556689,EMD-41798,The Electron Microscopy Data Bank (EMDB)
10.1101/2023.09.07.556689,EMD-41799,The Electron Microscopy Data Bank (EMDB)
10.1101/2023.09.07.556689,EMD-41753,The Electron Microscopy Data Bank (EMDB)
10.1101/2023.09.07.556690,EMD-41794,The Electron Microscopy Data Bank (EMDB)
10.1101/2023.09.07.556691,EMD-41795,The Electron Microscopy Data Bank (EMDB)
10.1101/2023.09.07.556692,EMD-41802,The Electron Microscopy Data Bank (EMDB)
10.1101/2023.09.07.556689,EMD-41759,The Electron Microscopy Data Bank (EMDB)
10.1101/2023.09.07.556689,EMD-41757,The Electron Microscopy Data Bank (EMDB)
10.1101/2023.08.08.552291,EMD-5592,The Electron Microscopy Data Bank (EMDB)
10.1101/2023.08.08.552291,EMD-18110,The Electron Microscopy Data Bank (EMDB)
10.1101/2023.08.08.552291,EMD-18114,The Electron Microscopy Data Bank (EMDB)
10.1101/2023.08.08.552291,EMD-18115,The Electron Microscopy Data Bank (EMDB)
10.1101/2023.08.08.552291,EMD-18116,The Electron Microscopy Data Bank (EMDB)
10.1101/2023.08.08.552291,EMD-18117,The Electron Microscopy Data Bank (EMDB)
10.1101/2023.08.08.552291,EMD-18118,The Electron Microscopy Data Bank (EMDB)
10.1038/s41594-022-00863-y,EMD-25649,The Electron Microscopy Data Bank (EMDB)
10.1038/s41594-022-00863-y,EMD-25664,The Electron Microscopy Data Bank (EMDB)
10.1038/s41594-022-00863-y,EMD-25672,The Electron Microscopy Data Bank (EMDB)
10.1038/s41594-022-00863-y,EMD-25674,The Electron Microscopy Data Bank (EMDB)
10.1038/s41594-022-00863-y,EMD-25658,The Electron Microscopy Data Bank (EMDB)
10.1038/s41594-022-00863-y,EMD-25897,The Electron Microscopy Data Bank (EMDB)
10.1038/s41594-022-00863-y,EMD-25908,The Electron Microscopy Data Bank (EMDB)
10.1038/s41467-023-36058-2,EMD-13739,The Electron Microscopy Data Bank (EMDB)
10.1038/s41467-023-36058-3,EMD-13740,The Electron Microscopy Data Bank (EMDB)
10.1101/2022.11.22.517582,EMD-27813,The Electron Microscopy Data Bank (EMDB)
10.1101/2022.11.22.517582,EMD-27817,The Electron Microscopy Data Bank (EMDB)
10.1101/2022.11.22.517582,EMD-27818,The Electron Microscopy Data Bank (EMDB)
10.1101/2022.11.22.517582,EMD-27816,The Electron Microscopy Data Bank (EMDB)
10.1101/2022.11.22.517582,EMD-27814,The Electron Microscopy Data Bank (EMDB)
10.1101/2022.11.22.517582,EMD-27815,The Electron Microscopy Data Bank (EMDB)
10.1073/pnas.2209823119,EMD-15526,The Electron Microscopy Data Bank (EMDB)
10.1073/pnas.2209823120,EMD15545,The Electron Microscopy Data Bank (EMDB)
10.1073/pnas.2209823121,EMD-15546,The Electron Microscopy Data Bank (EMDB)
10.1073/pnas.2209823122,EMD-15547,The Electron Microscopy Data Bank (EMDB)
10.1073/pnas.2209823123,EMD-15549,The Electron Microscopy Data Bank (EMDB)
10.1073/pnas.2209823124,EMD-15548,The Electron Microscopy Data Bank (EMDB)
10.1073/pnas.2203769119,EMD-26247,The Electron Microscopy Data Bank (EMDB)
10.1016/j.molcel.2021.08.017,EMD-24212,The Electron Microscopy Data Bank (EMDB)
10.1016/j.molcel.2021.08.017,EMD-24213,The Electron Microscopy Data Bank (EMDB)
10.1016/j.molcel.2021.08.017,EMD-24214,The Electron Microscopy Data Bank (EMDB)
10.1016/j.molcel.2021.08.017,EMD-24216,The Electron Microscopy Data Bank (EMDB)
10.1016/j.molcel.2021.08.017,EMD-24218,The Electron Microscopy Data Bank (EMDB)
10.1016/j.molcel.2021.08.017,EMD-24217,The Electron Microscopy Data Bank (EMDB)
10.1016/j.molcel.2021.08.017,EMD-24219,The Electron Microscopy Data Bank (EMDB)
10.1016/j.molcel.2021.08.017,EMD-24221,The Electron Microscopy Data Bank (EMDB)
10.1016/j.molcel.2021.08.017,EMD-24220,The Electron Microscopy Data Bank (EMDB)
10.1016/j.molcel.2021.08.017,EMD-24223,The Electron Microscopy Data Bank (EMDB)
10.1101/2022.03.08.482579,EMD-26247,The Electron Microscopy Data Bank (EMDB)
10.1038/s41467-021-22108-0,EMD-11401,The Electron Microscopy Data Bank (EMDB)
10.1038/s41467-021-22108-0,EMD-11417,The Electron Microscopy Data Bank (EMDB)
10.1038/s41467-021-22108-0,EMD-11416,The Electron Microscopy Data Bank (EMDB)
10.1101/2021.07.16.452659,EMD-11401,The Electron Microscopy Data Bank (EMDB)
10.1101/2021.07.16.452660,EMD-11417,The Electron Microscopy Data Bank (EMDB)
10.1101/2021.07.16.452661,EMD-11416,The Electron Microscopy Data Bank (EMDB)
10.1093/brain/awac325,EGAS00001002113,The European Genome-phenome Archive(EGA)
10.1093/brain/awac325,EGAS00001003065,The European Genome-phenome Archive(EGA)
10.1101/2024.01.17.24300927,4cym,The Protein Data Bank
10.1126/sciadv.adi8716,1XQ8,The Protein Data Bank
10.1101/2024.01.27.577538,5LE5,The Protein Data Bank
10.1101/2024.01.27.577538,8QYJ,The Protein Data Bank
10.1101/2024.01.27.577538,8QYL,The Protein Data Bank
10.1101/2024.01.27.577538,8QYM,The Protein Data Bank
10.1101/2024.01.27.577538,8QZ9,The Protein Data Bank
10.1101/2024.01.27.577538,8QYN,The Protein Data Bank
10.1101/2024.01.27.577538,8QYS,The Protein Data Bank
10.1101/2024.01.27.577538,8QYO,The Protein Data Bank
10.1101/2023.06.01.543278,8SOI,The Protein Data Bank
10.1101/2023.06.01.543278,8SOR,The Protein Data Bank
10.1101/2023.06.01.543278,8SRQ,The Protein Data Bank
10.1101/2023.06.01.543278,8SQZ,The Protein Data Bank
10.1101/2023.06.01.543278,8SRM,The Protein Data Bank
10.1101/2023.07.17.549391,4NAW,The Protein Data Bank
10.1101/2023.07.17.549391,7MU2,The Protein Data Bank
10.1101/2023.07.17.549391,4TQ0,The Protein Data Bank
10.1101/2023.07.17.549391,6ZAY,The Protein Data Bank
10.1101/2023.07.17.549391,6SUR,The Protein Data Bank
10.1101/2023.09.07.556689,8TXZ,The Protein Data Bank
10.1101/2023.09.07.556689,8TZC,The Protein Data Bank
10.1101/2023.09.07.556689,8TZG,The Protein Data Bank
10.1101/2023.09.07.556689,8TZE,The Protein Data Bank
10.1101/2023.09.07.556689,8TYQ,The Protein Data Bank
10.1101/2023.09.07.556689,8TZB,The Protein Data Bank
10.1101/2023.09.07.556689,8TZH,The Protein Data Bank
10.1101/2023.09.07.556689,8TZF,The Protein Data Bank
10.1101/2023.08.28.555228,6wcw,The Protein Data Bank
10.1101/2023.07.25.550521,7LHT,The Protein Data Bank
10.1101/2023.07.25.550521,7L4J,The Protein Data Bank
10.1038/s41594-022-00863-y,7THY,The Protein Data Bank
10.1038/s41594-022-00863-y,7THZ,The Protein Data Bank
10.1126/sciadv.adg2997,8DO8,The Protein Data Bank
10.1126/sciadv.adg2997,5C50,The Protein Data Bank
10.1101/2022.11.22.517582,8E04,The Protein Data Bank
10.1101/2022.11.22.517582,8E05,The Protein Data Bank
10.1101/2022.11.22.517582,8E06,The Protein Data Bank
10.1126/sciadv.add1436,4NAW,The Protein Data Bank
10.1126/sciadv.add1436,7MU2,The Protein Data Bank
10.1126/sciadv.add1436,4TQ0,The Protein Data Bank
10.1083/jcb.202207022,8EDV,The Protein Data Bank
10.1042/BCJ20220161,7LI4,The Protein Data Bank
10.1042/BCJ20220161,7LHT,The Protein Data Bank
10.1042/BCJ20220161,6DLO,The Protein Data Bank
10.1042/BCJ20220161,7LHW,The Protein Data Bank
10.1101/2022.07.13.499896,3MYZ,The Protein Data Bank
10.1101/2022.07.13.499896,6SST,The Protein Data Bank
10.1101/2022.07.13.499896,8CYR,The Protein Data Bank
10.1101/2022.07.13.499897,8CYS,The Protein Data Bank
10.1101/2022.07.13.499898,8CYT,The Protein Data Bank
10.1101/2022.07.13.499899,8CYV,The Protein Data Bank
10.1101/2022.07.13.499900,8CYW,The Protein Data Bank
10.1101/2022.07.13.499901,8CYX,The Protein Data Bank
10.1101/2022.07.13.499902,8CYY,The Protein Data Bank
10.1101/2022.07.13.499903,8CZ0,The Protein Data Bank
10.1101/2022.07.13.499904,8CZ1,The Protein Data Bank
10.1101/2022.07.13.499905,8CZ2,The Protein Data Bank
10.1101/2022.07.13.499906,8CZ3,The Protein Data Bank
10.1101/2022.07.13.499907,8CZ6,The Protein Data Bank
10.1101/2022.07.12.499634,8DO8,The Protein Data Bank
10.1016/j.molcel.2021.08.017,7N70,The Protein Data Bank
10.1016/j.molcel.2021.08.018,7N73,The Protein Data Bank
10.1016/j.molcel.2021.08.017,7N72,The Protein Data Bank
10.1016/j.molcel.2021.08.017,7N74,The Protein Data Bank
10.1016/j.molcel.2021.08.017,7N76,The Protein Data Bank
10.1016/j.molcel.2021.08.017,7N75,The Protein Data Bank
10.1016/j.molcel.2021.08.018,7N78,The Protein Data Bank
10.1101/2022.05.03.490522,4NAW,The Protein Data Bank
10.1101/2022.05.03.490522,7MU2,The Protein Data Bank
10.1101/2022.05.03.490522,4TQ0,The Protein Data Bank
10.1101/2022.04.26.489605,7LI4,The Protein Data Bank
10.1101/2022.04.26.489605,7LHT,The Protein Data Bank
10.7554/eLife.70372,4EXV,The Protein Data Bank
10.7554/eLife.70372,6KLR,The Protein Data Bank
10.15252/embr.202152675,7LWB,The Protein Data Bank
10.15252/embr.202152675,6B67,The Protein Data Bank
10.7554/eLife.70372,7MU2,The Protein Data Bank
10.1101/2021.05.14.444175,7MU2,The Protein Data Bank
10.1101/2021.05.14.444175,4EXV,The Protein Data Bank
10.1101/2021.05.14.444175,6KLR,The Protein Data Bank
10.1101/2021.04.12.439050,4IWO,The Protein Data Bank
10.1101/2021.07.16.452662,6b67,The Protein Data Bank
10.1101/2021.02.17.431620,7kpr,The Protein Data Bank
10.1101/2021.02.17.431620,7l4j,The Protein Data Bank
10.1101/2021.02.17.431620,7l4i,The Protein Data Bank
10.1101/2024.01.17.24300927,Q5S007,UniProt
10.1101/2024.01.17.24300927,Q13637,UniProt
10.1073/pnas.2312676121,UP000005640,UniProt
10.1016/j.neuron.2023.11.020,P37840-1,UniProt
10.1016/j.neuron.2023.11.020,OP37840,UniProt
10.1016/j.neuron.2023.11.020,P61145,UniProt
10.1016/j.neuron.2023.11.020,A0A2I3N0Z9,UniProt
10.1016/j.neuron.2023.11.020,F7GY62,UniProt
10.1016/j.neuron.2023.11.020,P37377,UniProt
10.1016/j.neuron.2023.11.020,O55042,UniProt
10.1016/j.neuron.2023.11.020,G1U0V2,UniProt
10.1016/j.neuron.2023.11.020,Q3T0G8,UniProt
10.1016/j.neuron.2023.11.020,A0A6J2L5S3,UniProt
10.1016/j.neuron.2023.11.020,J7H0X3,UniProt
10.1016/j.neuron.2023.11.020,G3T7Z3,UniProt
10.1016/j.neuron.2023.11.020,Q9I9H1,UniProt
10.1016/j.neuron.2023.11.020,Q4JHT6,UniProt
10.1016/j.neuron.2023.11.020,Q7SZ02,UniProt
10.1101/2023.07.25.550405,UP000005640,UniProt
10.1038/s41594-022-00863-y,Q38SD2,UniProt
10.1038/s41594-022-00863-y,Q5S007,UniProt
10.1038/s41467-023-37454-4,UP000005640,UniProt
10.1101/2022.12.22.521485,OP37840,UniProt
10.1101/2022.12.22.521485,P61145,UniProt
10.1101/2022.12.22.521485,A0A2I3N0Z9,UniProt
10.1101/2022.12.22.521485,F7GY62,UniProt
10.1101/2022.12.22.521485,P37377,UniProt
10.1101/2022.12.22.521485,O55042,UniProt
10.1101/2022.12.22.521485,G1U0V2,UniProt
10.1101/2022.12.22.521485,Q3T0G8,UniProt
10.1101/2022.12.22.521485,A0A6J2L5S3,UniProt
10.1101/2022.12.22.521485,J7H0X3,UniProt
10.1101/2022.12.22.521485,G3T7Z3,UniProt
10.1101/2022.12.22.521485,Q9I9H1,UniProt
10.1101/2022.12.22.521485,Q4JHT6,UniProt
10.1101/2022.12.22.521485,Q7SZ02,UniProt
10.1101/2022.12.22.521485,A0A090D865,UniProt
10.1101/2022.12.22.521485,P37840-1,UniProt
10.1101/2022.12.06.519342,UP000005640,UniProt
10.1038/s41531-022-00423-7,UP000005640,UniProt
10.21203/rs.3.rs-1521848/v1,UP000005640,UniProt
10.1101/2024.01.30.577912,10.5281/zenodo.10849807,Zenodo
10.1111/ejn.16180,10.5281/zenodo.7801867,Zenodo
10.1038/s41531-024-00670-w,10.5281/zenodo.10079840,Zenodo
10.1038/s41531-024-00670-w,10.5281/zenodo.10046587,Zenodo
10.1101/2024.02.28.582356,10.5281/zenodo.10607238,Zenodo
10.1101/2023.06.01.543059,10.5281/zenodo.10044967,Zenodo
10.1038/s41586-023-06941-5,10.5281/zenodo.10146089,Zenodo
10.1101/2024.01.30.577912,10.5281/zenodo.10581776,Zenodo
10.1101/2023.12.11.571045,10.5281/zenodo.10251490,Zenodo
10.1101/2023.11.09.566376,10.5281/zenodo.10079840,Zenodo
10.1101/2023.11.09.566376,10.5281/zenodo.10046587,Zenodo
10.1016/j.dib.2023.109336,10.5281/zenodo.8023364,Zenodo
10.1101/2023.07.17.549391,10.5281/zenodo.8083724,Zenodo
10.1101/2023.07.17.549391,10.5281/zenodo.7988132,Zenodo
10.1101/2022.07.07.22277297,10.5281/zenodo.8017385,Zenodo
10.1101/2023.09.08.556120,10.5281/zenodo.8313070,Zenodo
10.1101/2023.07.25.550521,10.5281/zenodo.8156734,Zenodo
10.1073/pnas.2303789120,10.5281/zenodo.7938084,Zenodo
10.1177/25152564231215,10.5281/zenodo.10372977,Zenodo
10.1101/2023.06.07.544051,10.5281/zenodo.7886705,Zenodo
10.1101/2023.06.07.544051,10.5281/zenodo.7765022,Zenodo
10.1101/2023.04.15.537033,10.5281/zenodo.7818783,Zenodo
10.1073/pnas.2219953120,10.5281/zenodo.7656899,Zenodo
10.1101/2020.07.03.186411,10.5281/zenodo.7801868,Zenodo
10.1126/sciadv.adg2997,10.5281/zenodo.7632198,Zenodo
10.1101/2023.01.27.524249,10.5281/zenodo.7516686,Zenodo
10.1101/2023.01.16.523926,10.5281/zenodo.7525823,Zenodo
10.1101/2023.03.01.530566,10.5281/zenodo.7661355,Zenodo
10.3390/biom13020337,10.5281/zenodo.7434965,Zenodo
10.1101/2022.12.15.520427,10.5281/zenodo.7434965,Zenodo
10.1126/sciadv.add1436,10.5281/zenodo.6508734,Zenodo
10.1126/sciadv.add1436,10.5281/zenodo.6513344,Zenodo
10.1101/2022.12.05.519143,10.5281/zenodo.7360295,Zenodo
10.1101/2022.10.28.22281645,10.5281/zenodo.7215754,Zenodo
10.1101/2022.11.22.517583,10.5281/zenodo.7014764,Zenodo
10.1101/2022.11.14.516471,10.5281/zenodo.7178198,Zenodo
10.1101/2022.11.02.514817,10.5281/zenodo.7268030,Zenodo
10.1016/j.neuron.2022.06.006,10.5281/zenodo.6615974,Zenodo
10.1093/hmg/ddac233,10.5281/zenodo.6985167,Zenodo
10.1042/BCJ20220308,10.5281/zenodo.6621049,Zenodo
10.1083/jcb.202207022,10.5281/zenodo.7149420,Zenodo
10.1083/jcb.202207023,10.5281/zenodo.7149052,Zenodo
10.1083/jcb.202207022,10.5281/zenodo.7149282,Zenodo
10.7554/eLife.81453,10.5281/zenodo.6377704,Zenodo
10.7554/eLife.79208,10.5281/zenodo.6941502,Zenodo
10.7554/eLife.79208,10.5281/zenodo.6941599,Zenodo
10.1038/s41593-022-01140-3,10.5281/zenodo.6474033,Zenodo
10.1038/s41593-022-01140-3,10.5281/zenodo.6473201,Zenodo
10.1042/BCJ20220161,10.5281/zenodo.6401193,Zenodo
10.1101/2022.06.07.494932,10.5281/zenodo.6474033,Zenodo
10.1101/2022.06.07.494932,10.5281/zenodo.6473201,Zenodo
10.1101/2022.05.03.490522,10.5281/zenodo.6508734,Zenodo
10.7554/eLife.73971,10.5281/zenodo.6415968,Zenodo
10.15252/embr.202152675,10.5281/zenodo.5045023,Zenodo